{"cameraMode":{"drawMode":0,"name":"Shaded","section":"Shading Mode"},"sceneLighting":false,"audioPlay":false,"sceneViewState":{"m_AlwaysRefresh":false,"showFog":false,"showSkybox":false,"showFlares":false,"showImageEffects":false,"showParticleSystems":false,"showVisualEffectGraphs":true,"m_FxEnabled":true},"in2DMode":false,"pivot":{"x":-0.6869338750839233,"y":1.2528412342071534,"z":0.004101157188415527},"rotation":{"x":0.008264057338237763,"y":0.9893593192100525,"z":-0.06544137001037598,"w":0.1307111531496048},"size":0.45578324794769289,"orthographic":false}