{"cameraMode":{"drawMode":0,"name":"Shaded","section":"Shading Mode"},"sceneLighting":true,"audioPlay":false,"sceneViewState":{"m_AlwaysRefresh":false,"showFog":true,"showSkybox":true,"showFlares":true,"showImageEffects":true,"showParticleSystems":true,"showVisualEffectGraphs":true,"m_FxEnabled":true},"in2DMode":false,"pivot":{"x":55.71818161010742,"y":142.38449096679688,"z":10.49792766571045},"rotation":{"x":0.004982983227819204,"y":-0.9951632022857666,"z":-0.08077114820480347,"w":-0.05818608030676842},"size":127.45101165771485,"orthographic":false}