{"cameraMode":{"drawMode":0,"name":"Shaded","section":"Shading Mode"},"sceneLighting":false,"audioPlay":false,"sceneViewState":{"m_AlwaysRefresh":false,"showFog":false,"showSkybox":false,"showFlares":false,"showImageEffects":false,"showParticleSystems":false,"showVisualEffectGraphs":true,"m_FxEnabled":true},"in2DMode":false,"pivot":{"x":0.5074289441108704,"y":0.5668593049049377,"z":-0.006839508656412363},"rotation":{"x":0.0016630261670798064,"y":0.9375815987586975,"z":-0.3481002748012543,"w":0.005066540092229843},"size":1.8538711071014405,"orthographic":false}