{"cameraMode":{"drawMode":0,"name":"Shaded","section":"Shading Mode"},"sceneLighting":false,"audioPlay":false,"sceneViewState":{"m_AlwaysRefresh":false,"showFog":false,"showSkybox":false,"showFlares":false,"showImageEffects":false,"showParticleSystems":false,"showVisualEffectGraphs":true,"m_FxEnabled":true},"in2DMode":false,"pivot":{"x":-0.014064311981201172,"y":0.8497414588928223,"z":0.00938504934310913},"rotation":{"x":0.0022129465360194446,"y":0.9928781390190125,"z":-0.11821723729372025,"w":0.02171941287815571},"size":1.3740017414093018,"orthographic":false}