{"cameraMode":{"drawMode":0,"name":"Shaded","section":"Shading Mode"},"sceneLighting":false,"audioPlay":false,"sceneViewState":{"m_AlwaysRefresh":false,"showFog":false,"showSkybox":false,"showFlares":false,"showImageEffects":false,"showParticleSystems":false,"showVisualEffectGraphs":true,"m_FxEnabled":true},"in2DMode":false,"pivot":{"x":0.000006388872861862183,"y":1.4600043296813965,"z":-0.0444483757019043},"rotation":{"x":-0.055076681077480319,"y":0.9408752918243408,"z":-0.18426433205604554,"w":-0.2793388366699219},"size":0.9023529291152954,"orthographic":false}