{"cameraMode":{"drawMode":0,"name":"Shaded","section":"Shading Mode"},"sceneLighting":false,"audioPlay":false,"sceneViewState":{"m_AlwaysRefresh":false,"showFog":false,"showSkybox":false,"showFlares":false,"showImageEffects":false,"showParticleSystems":false,"showVisualEffectGraphs":true,"m_FxEnabled":true},"in2DMode":false,"pivot":{"x":-0.011416250839829445,"y":1.0305577516555787,"z":0.08058644086122513},"rotation":{"x":0.00009489080548519269,"y":-0.9936838150024414,"z":0.11257431656122208,"w":0.0005977159598842263},"size":0.8778928518295288,"orthographic":false}